level,modelo,densidad,n,n_pos,auc,auc_lo,auc_hi
estudio,M_A_22 + xgb (agregado + Platt),A,6,0,,,
estudio,M_A_22 + xgb (agregado + Platt),B,96,12,0.7648809523809523,0.6117535368577811,0.8991951974102075
estudio,M_A_22 + xgb (agregado + Platt),C,764,79,0.6637715975237919,0.5913715673857067,0.7294660593545281
estudio,M_A_22 + xgb (agregado + Platt),D,134,5,0.6976744186046512,0.39245596007046446,0.9975486885887649
mama,M_A_gg + mlp (Platt),A,10,0,,,
mama,M_A_gg + mlp (Platt),B,190,11,0.6297613001523616,0.38839744170593216,0.8445800561797753
mama,M_A_gg + mlp (Platt),C,1530,82,0.6926374477833176,0.6355405442777144,0.7511082265966538
mama,M_A_gg + mlp (Platt),D,270,6,0.7070707070707071,0.5357363731656185,0.9122517649084544
